<?xml version="1.0" encoding="UTF-8"?>
<GenRun Id="impl_1" LaunchPart="xc7z010clg400-1" LaunchTime="1683189948">
  <File Type="BITSTR-BMM" Name="subtractor_bd.bmm"/>
  <File Type="OPT-METHODOLOGY-DRC" Name="subtractor_methodology_drc_opted.rpt"/>
  <File Type="INIT-TIMING" Name="subtractor_timing_summary_init.rpt"/>
  <File Type="ROUTE-PWR" Name="subtractor_power_routed.rpt"/>
  <File Type="PA-TCL" Name="subtractor.tcl"/>
  <File Type="OPT-TIMING" Name="subtractor_timing_summary_opted.rpt"/>
  <File Type="OPT-DCP" Name="subtractor_opt.dcp"/>
  <File Type="ROUTE-PWR-SUM" Name="subtractor_power_summary_routed.pb"/>
  <File Type="REPORTS-TCL" Name="subtractor_reports.tcl"/>
  <File Type="OPT-DRC" Name="subtractor_drc_opted.rpt"/>
  <File Type="OPT-HWDEF" Name="subtractor.hwdef"/>
  <File Type="PWROPT-DCP" Name="subtractor_pwropt.dcp"/>
  <File Type="PWROPT-DRC" Name="subtractor_drc_pwropted.rpt"/>
  <File Type="PWROPT-TIMING" Name="subtractor_timing_summary_pwropted.rpt"/>
  <File Type="PLACE-DCP" Name="subtractor_placed.dcp"/>
  <File Type="PLACE-IO" Name="subtractor_io_placed.rpt"/>
  <File Type="PLACE-CLK" Name="subtractor_clock_utilization_placed.rpt"/>
  <File Type="PLACE-UTIL" Name="subtractor_utilization_placed.rpt"/>
  <File Type="PLACE-UTIL-PB" Name="subtractor_utilization_placed.pb"/>
  <File Type="PLACE-CTRL" Name="subtractor_control_sets_placed.rpt"/>
  <File Type="PLACE-SIMILARITY" Name="subtractor_incremental_reuse_placed.rpt"/>
  <File Type="PLACE-PRE-SIMILARITY" Name="subtractor_incremental_reuse_pre_placed.rpt"/>
  <File Type="PLACE-TIMING" Name="subtractor_timing_summary_placed.rpt"/>
  <File Type="POSTPLACE-PWROPT-DCP" Name="subtractor_postplace_pwropt.dcp"/>
  <File Type="BG-BIN" Name="subtractor.bin"/>
  <File Type="POSTPLACE-PWROPT-TIMING" Name="subtractor_timing_summary_postplace_pwropted.rpt"/>
  <File Type="PHYSOPT-DCP" Name="subtractor_physopt.dcp"/>
  <File Type="PHYSOPT-DRC" Name="subtractor_drc_physopted.rpt"/>
  <File Type="BITSTR-MSK" Name="subtractor.msk"/>
  <File Type="PHYSOPT-TIMING" Name="subtractor_timing_summary_physopted.rpt"/>
  <File Type="ROUTE-ERROR-DCP" Name="subtractor_routed_error.dcp"/>
  <File Type="ROUTE-DCP" Name="subtractor_routed.dcp"/>
  <File Type="ROUTE-BLACKBOX-DCP" Name="subtractor_routed_bb.dcp"/>
  <File Type="ROUTE-DRC" Name="subtractor_drc_routed.rpt"/>
  <File Type="ROUTE-DRC-PB" Name="subtractor_drc_routed.pb"/>
  <File Type="ROUTE-DRC-RPX" Name="subtractor_drc_routed.rpx"/>
  <File Type="BITSTR-MMI" Name="subtractor.mmi"/>
  <File Type="ROUTE-METHODOLOGY-DRC" Name="subtractor_methodology_drc_routed.rpt"/>
  <File Type="ROUTE-METHODOLOGY-DRC-RPX" Name="subtractor_methodology_drc_routed.rpx"/>
  <File Type="ROUTE-METHODOLOGY-DRC-PB" Name="subtractor_methodology_drc_routed.pb"/>
  <File Type="ROUTE-PWR-RPX" Name="subtractor_power_routed.rpx"/>
  <File Type="ROUTE-STATUS" Name="subtractor_route_status.rpt"/>
  <File Type="ROUTE-STATUS-PB" Name="subtractor_route_status.pb"/>
  <File Type="ROUTE-TIMINGSUMMARY" Name="subtractor_timing_summary_routed.rpt"/>
  <File Type="ROUTE-TIMING-PB" Name="subtractor_timing_summary_routed.pb"/>
  <File Type="ROUTE-TIMING-RPX" Name="subtractor_timing_summary_routed.rpx"/>
  <File Type="ROUTE-SIMILARITY" Name="subtractor_incremental_reuse_routed.rpt"/>
  <File Type="ROUTE-CLK" Name="subtractor_clock_utilization_routed.rpt"/>
  <File Type="ROUTE-BUS-SKEW" Name="subtractor_bus_skew_routed.rpt"/>
  <File Type="ROUTE-BUS-SKEW-PB" Name="subtractor_bus_skew_routed.pb"/>
  <File Type="ROUTE-BUS-SKEW-RPX" Name="subtractor_bus_skew_routed.rpx"/>
  <File Type="POSTROUTE-PHYSOPT-DCP" Name="subtractor_postroute_physopt.dcp"/>
  <File Type="POSTROUTE-PHYSOPT-BLACKBOX-DCP" Name="subtractor_postroute_physopt_bb.dcp"/>
  <File Type="POSTROUTE-PHYSOPT-TIMING" Name="subtractor_timing_summary_postroute_physopted.rpt"/>
  <File Type="POSTROUTE-PHYSOPT-TIMING-PB" Name="subtractor_timing_summary_postroute_physopted.pb"/>
  <File Type="POSTROUTE-PHYSOPT-TIMING-RPX" Name="subtractor_timing_summary_postroute_physopted.rpx"/>
  <File Type="POSTROUTE-PHYSOPT-BUS-SKEW" Name="subtractor_bus_skew_postroute_physopted.rpt"/>
  <File Type="POSTROUTE-PHYSOPT-BUS-SKEW-PB" Name="subtractor_bus_skew_postroute_physopted.pb"/>
  <File Type="BG-BIT" Name="subtractor.bit"/>
  <File Type="POSTROUTE-PHYSOPT-BUS-SKEW-RPX" Name="subtractor_bus_skew_postroute_physopted.rpx"/>
  <File Type="BITSTR-RBT" Name="subtractor.rbt"/>
  <File Type="BITSTR-NKY" Name="subtractor.nky"/>
  <File Type="PDI-FILE" Name="subtractor.pdi"/>
  <File Type="RCFI_FILE" Name="subtractor.rcfi"/>
  <File Type="CFI_FILE" Name="subtractor.cfi"/>
  <File Type="RNPI_FILE" Name="subtractor.rnpi"/>
  <File Type="NPI_FILE" Name="subtractor.npi"/>
  <File Type="RBD_FILE" Name="subtractor.rbd"/>
  <File Type="BITSTR-LTX" Name="debug_nets.ltx"/>
  <File Type="BITSTR-LTX" Name="subtractor.ltx"/>
  <File Type="BITSTR-SYSDEF" Name="subtractor.sysdef"/>
  <File Type="BG-BGN" Name="subtractor.bgn"/>
  <File Type="BG-DRC" Name="subtractor.drc"/>
  <File Type="RDI-RDI" Name="subtractor.vdi"/>
  <File Type="WBT-USG" Name="usage_statistics_webtalk.html"/>
  <FileSet Name="sources" Type="DesignSrcs" RelSrcDir="$PSRCDIR/sources_1" RelGenDir="$PGENDIR/sources_1">
    <Filter Type="Srcs"/>
    <File Path="$PPRDIR/../full substractor/subtractor.vhd">
      <FileInfo>
        <Attr Name="UsedIn" Val="synthesis"/>
        <Attr Name="UsedIn" Val="simulation"/>
      </FileInfo>
    </File>
    <Config>
      <Option Name="DesignMode" Val="RTL"/>
      <Option Name="TopModule" Val="subtractor"/>
      <Option Name="TopAutoSet" Val="TRUE"/>
    </Config>
  </FileSet>
  <FileSet Name="constrs_in" Type="Constrs" RelSrcDir="$PSRCDIR/constrs_1">
    <Filter Type="Constrs"/>
    <File Path="$PSRCDIR/constrs_1/new/substractor.xdc">
      <FileInfo>
        <Attr Name="UsedIn" Val="synthesis"/>
        <Attr Name="UsedIn" Val="implementation"/>
      </FileInfo>
    </File>
    <Config>
      <Option Name="ConstrsType" Val="XDC"/>
    </Config>
  </FileSet>
  <FileSet Name="utils" Type="Utils" RelSrcDir="$PSRCDIR/utils_1">
    <Filter Type="Utils"/>
    <Config>
      <Option Name="TopAutoSet" Val="TRUE"/>
    </Config>
  </FileSet>
  <Strategy Version="1" Minor="2">
    <StratHandle Name="Vivado Implementation Defaults" Flow="Vivado Implementation 2020"/>
    <Step Id="init_design"/>
    <Step Id="opt_design"/>
    <Step Id="power_opt_design"/>
    <Step Id="place_design"/>
    <Step Id="post_place_power_opt_design"/>
    <Step Id="phys_opt_design"/>
    <Step Id="route_design"/>
    <Step Id="post_route_phys_opt_design"/>
    <Step Id="write_bitstream"/>
  </Strategy>
</GenRun>
