<?xml version="1.0" encoding="UTF-8"?>
<GenRun Id="synth_1" LaunchPart="xc7z010clg400-1" LaunchTime="1683189901">
  <File Type="PA-TCL" Name="subtractor.tcl"/>
  <File Type="RDS-PROPCONSTRS" Name="subtractor_drc_synth.rpt"/>
  <File Type="REPORTS-TCL" Name="subtractor_reports.tcl"/>
  <File Type="RDS-RDS" Name="subtractor.vds"/>
  <File Type="RDS-UTIL" Name="subtractor_utilization_synth.rpt"/>
  <File Type="RDS-UTIL-PB" Name="subtractor_utilization_synth.pb"/>
  <File Type="RDS-DCP" Name="subtractor.dcp"/>
  <File Type="VDS-TIMINGSUMMARY" Name="subtractor_timing_summary_synth.rpt"/>
  <File Type="VDS-TIMING-PB" Name="subtractor_timing_summary_synth.pb"/>
  <FileSet Name="sources" Type="DesignSrcs" RelSrcDir="$PSRCDIR/sources_1" RelGenDir="$PGENDIR/sources_1">
    <Filter Type="Srcs"/>
    <File Path="$PPRDIR/../full substractor/subtractor.vhd">
      <FileInfo>
        <Attr Name="UsedIn" Val="synthesis"/>
        <Attr Name="UsedIn" Val="simulation"/>
      </FileInfo>
    </File>
    <Config>
      <Option Name="DesignMode" Val="RTL"/>
      <Option Name="TopModule" Val="subtractor"/>
      <Option Name="TopAutoSet" Val="TRUE"/>
    </Config>
  </FileSet>
  <FileSet Name="constrs_in" Type="Constrs" RelSrcDir="$PSRCDIR/constrs_1">
    <Filter Type="Constrs"/>
    <File Path="$PSRCDIR/constrs_1/new/substractor.xdc">
      <FileInfo>
        <Attr Name="UsedIn" Val="synthesis"/>
        <Attr Name="UsedIn" Val="implementation"/>
      </FileInfo>
    </File>
    <Config>
      <Option Name="ConstrsType" Val="XDC"/>
    </Config>
  </FileSet>
  <FileSet Name="utils" Type="Utils" RelSrcDir="$PSRCDIR/utils_1">
    <Filter Type="Utils"/>
    <Config>
      <Option Name="TopAutoSet" Val="TRUE"/>
    </Config>
  </FileSet>
  <Strategy Version="1" Minor="2">
    <StratHandle Name="Vivado Synthesis Defaults" Flow="Vivado Synthesis 2020"/>
    <Step Id="synth_design"/>
  </Strategy>
</GenRun>
